[
{
    "type": "GENERIC",
    "id": "broken_dummy",
    "symbol": ",",
    "color": "brown",
    "name": "defeated dummy",
    "category": "other",
    "description": "Your fierce opponent, now a beaten mess. Needs to be rebuilt to practice with again.",
    "price": 1000,
    "material": [ "straw", "cotton", "wood" ],
    "weight": 10000,
    "volume": 100,
    "bashing": 4,
    "cutting": 4,
    "to_hit": -3,
    "flags": [ "TRADER_AVOID", "NO_REPAIR" ]
  },
  
   {
    "type": "TOOL",
    "id": "prepped_dummy",
    "symbol": ",",
    "color": "brown",
    "name": "portable dummy",
    "category": "other",
    "description": "A worthy sparring partner, just waiting to be placed.",
    "price": 1000,
	"price_postapoc": 5000,
    "material": [ "straw", "cotton", "wood" ],
    "weight": 20000,
    "volume": 120,
    "bashing": 4,
    "cutting": 4,
    "to_hit": -3,
    "flags": [ "TRADER_AVOID", "NO_REPAIR" ],
	"use_action": {
      "type": "place_monster",
      "monster_id": "mon_dummy",
      "friendly_msg": "The dummy stands up a little crooked...",
      "hostile_msg": "The dummy stands up straight!",
      "difficulty": 16,
      "moves": 150,
      "skill1": "speech"
    }
  }
]