[
{
    "type": "material",
    "ident": "straw",
    "name": "Straw",
    "density": 5,
    "specific_heat_liquid": 0.02,
    "specific_heat_solid": 0.02,
    "latent_heat": 273,
    "bash_resist": 1,
    "cut_resist": 1,
    "acid_resist": 2,
    "fire_resist": 0,
    "elec_resist": 2,
    "chip_resist": 6,
    "dmg_adj": [ "ripped", "torn", "shredded", "tattered" ],
    "bash_dmg_verb": "torn",
    "cut_dmg_verb": "cut",
    "burn_data": [
      { "fuel": 1, "smoke": 1, "burn": 1, "volume_per_turn": "1250_ml" },
      { "fuel": 1, "smoke": 1, "burn": 2 },
      { "fuel": 1, "smoke": 1, "burn": 5 }
    ]
  }
]