[
{
    "id": "mon_dummy",
    "type": "MONSTER",
    "name": "training dummy",
    "description": "This is a hastily rigged up training dummy made from canvas, straw, and wood. Good for basic training, but not very durable.",
    "default_faction": "construct",
    "species": [ "CONSTRUCT" ],
	"material": [ "straw", "cotton", "wood" ],
    "volume": "30000 ml",
    "weight": 40750,
	"aggression": 100,
    "morale": 100,
    "hp": 70,
    "speed": 0,
	"armor_bash": 4,
	"armor_cut": 2,
    "symbol": "o",
    "color": "brown",
    "melee_cut": 0,
	"harvest": "exempt",
	"revert_to_itype": "broken_dummy",
    "death_function": [ "BROKEN" ],
    "flags": [ "IMMOBILE" ]
  }
]