[
{
    "type": "recipe",
    "result": "prepped_dummy",
	"category": "CC_OTHER",
    "subcategory": "CSC_OTHER_OTHER",
    "skill_used": "fabrication",
	"skills_required": [ "tailor", 2 ],
    "difficulty": 3,
    "time": "120 m",
	"autolearn": true,
    "qualities": [ { "id": "SEW", "level": 1 }, { "id": "HAMMER", "level": 1 },  {"id": "CUT", "level": 1 }  ],
    "components": 
     [ 
	  [ [ "rag", 20 ], [ "rag_bloody", 20 ], [ "bag_canvas", 2], [ "bag_canvas_small", 16] ],
	  [ [ "withered", 20 ], [ "straw_pile", 20 ] ],
	  [ [ "thread", 100 ], [ "sinew", 100 ], [ "plant_fibre", 100] ],
      [ [ "stick_long", 2 ], [ "stick", 8 ], [ "2x4", 8] ],
	  [ [ "frame_wood", 1], [ "frame_wood_light", 1], [ "plastic_chunk", 8] ],
	  [ [ "string_36", 6], [ "duct_tape", 100], [ "superglue", 6], [ "bone_glue", 12] ],
	  [ [ "scrap", 4 ], [ "spike", 2 ], [ "nail", 12] ]
	  
    ]
  },
  
 {
    "type": "recipe",
    "result": "prepped_dummy",
	"id_suffix": "from_broken",
	"category": "CC_OTHER",
    "subcategory": "CSC_OTHER_OTHER",
    "skill_used": "tailor",
	"skills_required": [ "fabrication", 1 ],
    "difficulty": 2,
    "time": "45 m",
	"autolearn": true,
    "qualities": [ { "id": "SEW", "level": 1 } ],
    "components": 
      [ 
	  [ [ "broken_dummy", 1 ] ],
	  [ [ "withered", 10 ], [ "straw_pile", 10 ] ],
	  [ [ "thread", 50 ], [ "sinew", 50 ], [ "plant_fibre", 50] ],
	  [ [ "string_36", 2], [ "duct_tape", 50], [ "superglue", 2], [ "bone_glue", 4] ]
	  
    ]
  }
]